{
  "project_info": {
    "project_number": "421469856127",
    "firebase_url": "https://digitalsociety-34e7a.firebaseio.com",
    "project_id": "digitalsociety-34e7a",
    "storage_bucket": "digitalsociety-34e7a.appspot.com"
  },
  "client": [
    {
      "client_info": {
        "mobilesdk_app_id": "1:421469856127:android:b53cd66b6e446e9e",
        "android_client_info": {
          "package_name": "sodhankit.tops.com.myevent"
        }
      },
      "oauth_client": [
        {
          "client_id": "421469856127-u6d7ugi86njliflf5rpcjc5ti404r1e0.apps.googleusercontent.com",
          "client_type": 1,
          "android_info": {
            "package_name": "sodhankit.tops.com.myevent",
            "certificate_hash": "8649157c7cdc73828cd90c830fb212b07ee5d2c7"
          }
        },
        {
          "client_id": "421469856127-elo32l20qjs14thpujr1cd6gio2sbt0s.apps.googleusercontent.com",
          "client_type": 3
        }
      ],
      "api_key": [
        {
          "current_key": "AIzaSyDFPyvB5obW9DUD5vQVpLpADwdwJa2W5mM"
        }
      ],
      "services": {
        "analytics_service": {
          "status": 1
        },
        "appinvite_service": {
          "status": 2,
          "other_platform_oauth_client": [
            {
              "client_id": "421469856127-elo32l20qjs14thpujr1cd6gio2sbt0s.apps.googleusercontent.com",
              "client_type": 3
            }
          ]
        },
        "ads_service": {
          "status": 2
        }
      }
    }
  ],
  "configuration_version": "1"
}